algorithm,nDevices,nGateways,radius,simulationTime,appPeriod,payloadSize
GA,100,1,7500,3600,60,10
GA,100,1,7500,3600,60,20
GA,100,1,7500,3600,60,30
GA,100,1,7500,3600,60,40
GA,100,1,7500,3600,60,50
GA,100,1,7500,3600,300,10
GA,100,1,7500,3600,300,20
GA,100,1,7500,3600,300,30
GA,100,1,7500,3600,300,40
GA,100,1,7500,3600,300,50
GA,100,1,7500,3600,600,10
GA,100,1,7500,3600,600,20
GA,100,1,7500,3600,600,30
GA,100,1,7500,3600,600,40
GA,100,1,7500,3600,600,50
GA,100,1,7500,3600,900,10
GA,100,1,7500,3600,900,20
GA,100,1,7500,3600,900,30
GA,100,1,7500,3600,900,40
GA,100,1,7500,3600,900,50
GA,200,1,7500,3600,60,10
GA,200,1,7500,3600,60,20
GA,200,1,7500,3600,60,30
GA,200,1,7500,3600,60,40
GA,200,1,7500,3600,60,50
GA,200,1,7500,3600,300,10
GA,200,1,7500,3600,300,20
GA,200,1,7500,3600,300,30
GA,200,1,7500,3600,300,40
GA,200,1,7500,3600,300,50
GA,200,1,7500,3600,600,10
GA,200,1,7500,3600,600,20
GA,200,1,7500,3600,600,30
GA,200,1,7500,3600,600,40
GA,200,1,7500,3600,600,50
GA,200,1,7500,3600,900,10
GA,200,1,7500,3600,900,20
GA,200,1,7500,3600,900,30
GA,200,1,7500,3600,900,40
GA,200,1,7500,3600,900,50
GA,300,1,7500,3600,60,10
GA,300,1,7500,3600,60,20
GA,300,1,7500,3600,60,30
GA,300,1,7500,3600,60,40
GA,300,1,7500,3600,60,50
GA,300,1,7500,3600,300,10
GA,300,1,7500,3600,300,20
GA,300,1,7500,3600,300,30
GA,300,1,7500,3600,300,40
GA,300,1,7500,3600,300,50
GA,300,1,7500,3600,600,10
GA,300,1,7500,3600,600,20
GA,300,1,7500,3600,600,30
GA,300,1,7500,3600,600,40
GA,300,1,7500,3600,600,50
GA,300,1,7500,3600,900,10
GA,300,1,7500,3600,900,20
GA,300,1,7500,3600,900,30
GA,300,1,7500,3600,900,40
GA,300,1,7500,3600,900,50
GA,400,1,7500,3600,60,10
GA,400,1,7500,3600,60,20
GA,400,1,7500,3600,60,30
GA,400,1,7500,3600,60,40
GA,400,1,7500,3600,60,50
GA,400,1,7500,3600,300,10
GA,400,1,7500,3600,300,20
GA,400,1,7500,3600,300,30
GA,400,1,7500,3600,300,40
GA,400,1,7500,3600,300,50
GA,400,1,7500,3600,600,10
GA,400,1,7500,3600,600,20
GA,400,1,7500,3600,600,30
GA,400,1,7500,3600,600,40
GA,400,1,7500,3600,600,50
GA,400,1,7500,3600,900,10
GA,400,1,7500,3600,900,20
GA,400,1,7500,3600,900,30
GA,400,1,7500,3600,900,40
GA,400,1,7500,3600,900,50
GA,500,1,7500,3600,60,10
GA,500,1,7500,3600,60,20
GA,500,1,7500,3600,60,30
GA,500,1,7500,3600,60,40
GA,500,1,7500,3600,60,50
GA,500,1,7500,3600,300,10
GA,500,1,7500,3600,300,20
GA,500,1,7500,3600,300,30
GA,500,1,7500,3600,300,40
GA,500,1,7500,3600,300,50
GA,500,1,7500,3600,600,10
GA,500,1,7500,3600,600,20
GA,500,1,7500,3600,600,30
GA,500,1,7500,3600,600,40
GA,500,1,7500,3600,600,50
GA,500,1,7500,3600,900,10
GA,500,1,7500,3600,900,20
GA,500,1,7500,3600,900,30
GA,500,1,7500,3600,900,40
GA,500,1,7500,3600,900,50
DE,100,1,7500,3600,60,10
DE,100,1,7500,3600,60,20
DE,100,1,7500,3600,60,30
DE,100,1,7500,3600,60,40
DE,100,1,7500,3600,60,50
DE,100,1,7500,3600,300,10
DE,100,1,7500,3600,300,20
DE,100,1,7500,3600,300,30
DE,100,1,7500,3600,300,40
DE,100,1,7500,3600,300,50
DE,100,1,7500,3600,600,10
DE,100,1,7500,3600,600,20
DE,100,1,7500,3600,600,30
DE,100,1,7500,3600,600,40
DE,100,1,7500,3600,600,50
DE,100,1,7500,3600,900,10
DE,100,1,7500,3600,900,20
DE,100,1,7500,3600,900,30
DE,100,1,7500,3600,900,40
DE,100,1,7500,3600,900,50
DE,200,1,7500,3600,60,10
DE,200,1,7500,3600,60,20
DE,200,1,7500,3600,60,30
DE,200,1,7500,3600,60,40
DE,200,1,7500,3600,60,50
DE,200,1,7500,3600,300,10
DE,200,1,7500,3600,300,20
DE,200,1,7500,3600,300,30
DE,200,1,7500,3600,300,40
DE,200,1,7500,3600,300,50
DE,200,1,7500,3600,600,10
DE,200,1,7500,3600,600,20
DE,200,1,7500,3600,600,30
DE,200,1,7500,3600,600,40
DE,200,1,7500,3600,600,50
DE,200,1,7500,3600,900,10
DE,200,1,7500,3600,900,20
DE,200,1,7500,3600,900,30
DE,200,1,7500,3600,900,40
DE,200,1,7500,3600,900,50
DE,300,1,7500,3600,60,10
DE,300,1,7500,3600,60,20
DE,300,1,7500,3600,60,30
DE,300,1,7500,3600,60,40
DE,300,1,7500,3600,60,50
DE,300,1,7500,3600,300,10
DE,300,1,7500,3600,300,20
DE,300,1,7500,3600,300,30
DE,300,1,7500,3600,300,40
DE,300,1,7500,3600,300,50
DE,300,1,7500,3600,600,10
DE,300,1,7500,3600,600,20
DE,300,1,7500,3600,600,30
DE,300,1,7500,3600,600,40
DE,300,1,7500,3600,600,50
DE,300,1,7500,3600,900,10
DE,300,1,7500,3600,900,20
DE,300,1,7500,3600,900,30
DE,300,1,7500,3600,900,40
DE,300,1,7500,3600,900,50
DE,400,1,7500,3600,60,10
DE,400,1,7500,3600,60,20
DE,400,1,7500,3600,60,30
DE,400,1,7500,3600,60,40
DE,400,1,7500,3600,60,50
DE,400,1,7500,3600,300,10
DE,400,1,7500,3600,300,20
DE,400,1,7500,3600,300,30
DE,400,1,7500,3600,300,40
DE,400,1,7500,3600,300,50
DE,400,1,7500,3600,600,10
DE,400,1,7500,3600,600,20
DE,400,1,7500,3600,600,30
DE,400,1,7500,3600,600,40
DE,400,1,7500,3600,600,50
DE,400,1,7500,3600,900,10
DE,400,1,7500,3600,900,20
DE,400,1,7500,3600,900,30
DE,400,1,7500,3600,900,40
DE,400,1,7500,3600,900,50
DE,500,1,7500,3600,60,10
DE,500,1,7500,3600,60,20
DE,500,1,7500,3600,60,30
DE,500,1,7500,3600,60,40
DE,500,1,7500,3600,60,50
DE,500,1,7500,3600,300,10
DE,500,1,7500,3600,300,20
DE,500,1,7500,3600,300,30
DE,500,1,7500,3600,300,40
DE,500,1,7500,3600,300,50
DE,500,1,7500,3600,600,10
DE,500,1,7500,3600,600,20
DE,500,1,7500,3600,600,30
DE,500,1,7500,3600,600,40
DE,500,1,7500,3600,600,50
DE,500,1,7500,3600,900,10
DE,500,1,7500,3600,900,20
DE,500,1,7500,3600,900,30
DE,500,1,7500,3600,900,40
DE,500,1,7500,3600,900,50
SHADE,100,1,7500,3600,60,10
SHADE,100,1,7500,3600,60,20
SHADE,100,1,7500,3600,60,30
SHADE,100,1,7500,3600,60,40
SHADE,100,1,7500,3600,60,50
SHADE,100,1,7500,3600,300,10
SHADE,100,1,7500,3600,300,20
SHADE,100,1,7500,3600,300,30
SHADE,100,1,7500,3600,300,40
SHADE,100,1,7500,3600,300,50
SHADE,100,1,7500,3600,600,10
SHADE,100,1,7500,3600,600,20
SHADE,100,1,7500,3600,600,30
SHADE,100,1,7500,3600,600,40
SHADE,100,1,7500,3600,600,50
SHADE,100,1,7500,3600,900,10
SHADE,100,1,7500,3600,900,20
SHADE,100,1,7500,3600,900,30
SHADE,100,1,7500,3600,900,40
SHADE,100,1,7500,3600,900,50
SHADE,200,1,7500,3600,60,10
SHADE,200,1,7500,3600,60,20
SHADE,200,1,7500,3600,60,30
SHADE,200,1,7500,3600,60,40
SHADE,200,1,7500,3600,60,50
SHADE,200,1,7500,3600,300,10
SHADE,200,1,7500,3600,300,20
SHADE,200,1,7500,3600,300,30
SHADE,200,1,7500,3600,300,40
SHADE,200,1,7500,3600,300,50
SHADE,200,1,7500,3600,600,10
SHADE,200,1,7500,3600,600,20
SHADE,200,1,7500,3600,600,30
SHADE,200,1,7500,3600,600,40
SHADE,200,1,7500,3600,600,50
SHADE,200,1,7500,3600,900,10
SHADE,200,1,7500,3600,900,20
SHADE,200,1,7500,3600,900,30
SHADE,200,1,7500,3600,900,40
SHADE,200,1,7500,3600,900,50
SHADE,300,1,7500,3600,60,10
SHADE,300,1,7500,3600,60,20
SHADE,300,1,7500,3600,60,30
SHADE,300,1,7500,3600,60,40
SHADE,300,1,7500,3600,60,50
SHADE,300,1,7500,3600,300,10
SHADE,300,1,7500,3600,300,20
SHADE,300,1,7500,3600,300,30
SHADE,300,1,7500,3600,300,40
SHADE,300,1,7500,3600,300,50
SHADE,300,1,7500,3600,600,10
SHADE,300,1,7500,3600,600,20
SHADE,300,1,7500,3600,600,30
SHADE,300,1,7500,3600,600,40
SHADE,300,1,7500,3600,600,50
SHADE,300,1,7500,3600,900,10
SHADE,300,1,7500,3600,900,20
SHADE,300,1,7500,3600,900,30
SHADE,300,1,7500,3600,900,40
SHADE,300,1,7500,3600,900,50
SHADE,400,1,7500,3600,60,10
SHADE,400,1,7500,3600,60,20
SHADE,400,1,7500,3600,60,30
SHADE,400,1,7500,3600,60,40
SHADE,400,1,7500,3600,60,50
SHADE,400,1,7500,3600,300,10
SHADE,400,1,7500,3600,300,20
SHADE,400,1,7500,3600,300,30
SHADE,400,1,7500,3600,300,40
SHADE,400,1,7500,3600,300,50
SHADE,400,1,7500,3600,600,10
SHADE,400,1,7500,3600,600,20
SHADE,400,1,7500,3600,600,30
SHADE,400,1,7500,3600,600,40
SHADE,400,1,7500,3600,600,50
SHADE,400,1,7500,3600,900,10
SHADE,400,1,7500,3600,900,20
SHADE,400,1,7500,3600,900,30
SHADE,400,1,7500,3600,900,40
SHADE,400,1,7500,3600,900,50
SHADE,500,1,7500,3600,60,10
SHADE,500,1,7500,3600,60,20
SHADE,500,1,7500,3600,60,30
SHADE,500,1,7500,3600,60,40
SHADE,500,1,7500,3600,60,50
SHADE,500,1,7500,3600,300,10
SHADE,500,1,7500,3600,300,20
SHADE,500,1,7500,3600,300,30
SHADE,500,1,7500,3600,300,40
SHADE,500,1,7500,3600,300,50
SHADE,500,1,7500,3600,600,10
SHADE,500,1,7500,3600,600,20
SHADE,500,1,7500,3600,600,30
SHADE,500,1,7500,3600,600,40
SHADE,500,1,7500,3600,600,50
SHADE,500,1,7500,3600,900,10
SHADE,500,1,7500,3600,900,20
SHADE,500,1,7500,3600,900,30
SHADE,500,1,7500,3600,900,40
SHADE,500,1,7500,3600,900,50
PSO,100,1,7500,3600,60,10
PSO,100,1,7500,3600,60,20
PSO,100,1,7500,3600,60,30
PSO,100,1,7500,3600,60,40
PSO,100,1,7500,3600,60,50
PSO,100,1,7500,3600,300,10
PSO,100,1,7500,3600,300,20
PSO,100,1,7500,3600,300,30
PSO,100,1,7500,3600,300,40
PSO,100,1,7500,3600,300,50
PSO,100,1,7500,3600,600,10
PSO,100,1,7500,3600,600,20
PSO,100,1,7500,3600,600,30
PSO,100,1,7500,3600,600,40
PSO,100,1,7500,3600,600,50
PSO,100,1,7500,3600,900,10
PSO,100,1,7500,3600,900,20
PSO,100,1,7500,3600,900,30
PSO,100,1,7500,3600,900,40
PSO,100,1,7500,3600,900,50
PSO,200,1,7500,3600,60,10
PSO,200,1,7500,3600,60,20
PSO,200,1,7500,3600,60,30
PSO,200,1,7500,3600,60,40
PSO,200,1,7500,3600,60,50
PSO,200,1,7500,3600,300,10
PSO,200,1,7500,3600,300,20
PSO,200,1,7500,3600,300,30
PSO,200,1,7500,3600,300,40
PSO,200,1,7500,3600,300,50
PSO,200,1,7500,3600,600,10
PSO,200,1,7500,3600,600,20
PSO,200,1,7500,3600,600,30
PSO,200,1,7500,3600,600,40
PSO,200,1,7500,3600,600,50
PSO,200,1,7500,3600,900,10
PSO,200,1,7500,3600,900,20
PSO,200,1,7500,3600,900,30
PSO,200,1,7500,3600,900,40
PSO,200,1,7500,3600,900,50
PSO,300,1,7500,3600,60,10
PSO,300,1,7500,3600,60,20
PSO,300,1,7500,3600,60,30
PSO,300,1,7500,3600,60,40
PSO,300,1,7500,3600,60,50
PSO,300,1,7500,3600,300,10
PSO,300,1,7500,3600,300,20
PSO,300,1,7500,3600,300,30
PSO,300,1,7500,3600,300,40
PSO,300,1,7500,3600,300,50
PSO,300,1,7500,3600,600,10
PSO,300,1,7500,3600,600,20
PSO,300,1,7500,3600,600,30
PSO,300,1,7500,3600,600,40
PSO,300,1,7500,3600,600,50
PSO,300,1,7500,3600,900,10
PSO,300,1,7500,3600,900,20
PSO,300,1,7500,3600,900,30
PSO,300,1,7500,3600,900,40
PSO,300,1,7500,3600,900,50
PSO,400,1,7500,3600,60,10
PSO,400,1,7500,3600,60,20
PSO,400,1,7500,3600,60,30
PSO,400,1,7500,3600,60,40
PSO,400,1,7500,3600,60,50
PSO,400,1,7500,3600,300,10
PSO,400,1,7500,3600,300,20
PSO,400,1,7500,3600,300,30
PSO,400,1,7500,3600,300,40
PSO,400,1,7500,3600,300,50
PSO,400,1,7500,3600,600,10
PSO,400,1,7500,3600,600,20
PSO,400,1,7500,3600,600,30
PSO,400,1,7500,3600,600,40
PSO,400,1,7500,3600,600,50
PSO,400,1,7500,3600,900,10
PSO,400,1,7500,3600,900,20
PSO,400,1,7500,3600,900,30
PSO,400,1,7500,3600,900,40
PSO,400,1,7500,3600,900,50
PSO,500,1,7500,3600,60,10
PSO,500,1,7500,3600,60,20
PSO,500,1,7500,3600,60,30
PSO,500,1,7500,3600,60,40
PSO,500,1,7500,3600,60,50
PSO,500,1,7500,3600,300,10
PSO,500,1,7500,3600,300,20
PSO,500,1,7500,3600,300,30
PSO,500,1,7500,3600,300,40
PSO,500,1,7500,3600,300,50
PSO,500,1,7500,3600,600,10
PSO,500,1,7500,3600,600,20
PSO,500,1,7500,3600,600,30
PSO,500,1,7500,3600,600,40
PSO,500,1,7500,3600,600,50
PSO,500,1,7500,3600,900,10
PSO,500,1,7500,3600,900,20
PSO,500,1,7500,3600,900,30
PSO,500,1,7500,3600,900,40
PSO,500,1,7500,3600,900,50
CS,100,1,7500,3600,60,10
CS,100,1,7500,3600,60,20
CS,100,1,7500,3600,60,30
CS,100,1,7500,3600,60,40
CS,100,1,7500,3600,60,50
CS,100,1,7500,3600,300,10
CS,100,1,7500,3600,300,20
CS,100,1,7500,3600,300,30
CS,100,1,7500,3600,300,40
CS,100,1,7500,3600,300,50
CS,100,1,7500,3600,600,10
CS,100,1,7500,3600,600,20
CS,100,1,7500,3600,600,30
CS,100,1,7500,3600,600,40
CS,100,1,7500,3600,600,50
CS,100,1,7500,3600,900,10
CS,100,1,7500,3600,900,20
CS,100,1,7500,3600,900,30
CS,100,1,7500,3600,900,40
CS,100,1,7500,3600,900,50
CS,200,1,7500,3600,60,10
CS,200,1,7500,3600,60,20
CS,200,1,7500,3600,60,30
CS,200,1,7500,3600,60,40
CS,200,1,7500,3600,60,50
CS,200,1,7500,3600,300,10
CS,200,1,7500,3600,300,20
CS,200,1,7500,3600,300,30
CS,200,1,7500,3600,300,40
CS,200,1,7500,3600,300,50
CS,200,1,7500,3600,600,10
CS,200,1,7500,3600,600,20
CS,200,1,7500,3600,600,30
CS,200,1,7500,3600,600,40
CS,200,1,7500,3600,600,50
CS,200,1,7500,3600,900,10
CS,200,1,7500,3600,900,20
CS,200,1,7500,3600,900,30
CS,200,1,7500,3600,900,40
CS,200,1,7500,3600,900,50
CS,300,1,7500,3600,60,10
CS,300,1,7500,3600,60,20
CS,300,1,7500,3600,60,30
CS,300,1,7500,3600,60,40
CS,300,1,7500,3600,60,50
CS,300,1,7500,3600,300,10
CS,300,1,7500,3600,300,20
CS,300,1,7500,3600,300,30
CS,300,1,7500,3600,300,40
CS,300,1,7500,3600,300,50
CS,300,1,7500,3600,600,10
CS,300,1,7500,3600,600,20
CS,300,1,7500,3600,600,30
CS,300,1,7500,3600,600,40
CS,300,1,7500,3600,600,50
CS,300,1,7500,3600,900,10
CS,300,1,7500,3600,900,20
CS,300,1,7500,3600,900,30
CS,300,1,7500,3600,900,40
CS,300,1,7500,3600,900,50
CS,400,1,7500,3600,60,10
CS,400,1,7500,3600,60,20
CS,400,1,7500,3600,60,30
CS,400,1,7500,3600,60,40
CS,400,1,7500,3600,60,50
CS,400,1,7500,3600,300,10
CS,400,1,7500,3600,300,20
CS,400,1,7500,3600,300,30
CS,400,1,7500,3600,300,40
CS,400,1,7500,3600,300,50
CS,400,1,7500,3600,600,10
CS,400,1,7500,3600,600,20
CS,400,1,7500,3600,600,30
CS,400,1,7500,3600,600,40
CS,400,1,7500,3600,600,50
CS,400,1,7500,3600,900,10
CS,400,1,7500,3600,900,20
CS,400,1,7500,3600,900,30
CS,400,1,7500,3600,900,40
CS,400,1,7500,3600,900,50
CS,500,1,7500,3600,60,10
CS,500,1,7500,3600,60,20
CS,500,1,7500,3600,60,30
CS,500,1,7500,3600,60,40
CS,500,1,7500,3600,60,50
CS,500,1,7500,3600,300,10
CS,500,1,7500,3600,300,20
CS,500,1,7500,3600,300,30
CS,500,1,7500,3600,300,40
CS,500,1,7500,3600,300,50
CS,500,1,7500,3600,600,10
CS,500,1,7500,3600,600,20
CS,500,1,7500,3600,600,30
CS,500,1,7500,3600,600,40
CS,500,1,7500,3600,600,50
CS,500,1,7500,3600,900,10
CS,500,1,7500,3600,900,20
CS,500,1,7500,3600,900,30
CS,500,1,7500,3600,900,40
CS,500,1,7500,3600,900,50
